{"2":{"State":"California","Year":2020,"Outstanding_Balance":17834644465.0},"3":{"State":"California","Year":2021,"Outstanding_Balance":19422557619.0},"4":{"State":"Colorado","Year":2020,"Outstanding_Balance":749420555.1000000238},"5":{"State":"Colorado","Year":2021,"Outstanding_Balance":1014167919.0},"6":{"State":"Connecticut","Year":2020,"Outstanding_Balance":505981958.6999999881},"7":{"State":"Connecticut","Year":2021,"Outstanding_Balance":725070962.7000000477},"8":{"State":"Hawaii","Year":2020,"Outstanding_Balance":691553087.5},"9":{"State":"Illinois","Year":2020,"Outstanding_Balance":3314334286.0},"10":{"State":"Illinois","Year":2021,"Outstanding_Balance":4232873381.0},"11":{"State":"Kentucky","Year":2020,"Outstanding_Balance":505745626.1000000238},"12":{"State":"Louisiana","Year":2020,"Outstanding_Balance":133460334.299999997},"13":{"State":"Massachusetts","Year":2020,"Outstanding_Balance":2201221744.0},"14":{"State":"Massachusetts","Year":2021,"Outstanding_Balance":2268015460.0},"15":{"State":"Minnesota","Year":2020,"Outstanding_Balance":969161650.6000000238},"16":{"State":"Minnesota","Year":2021,"Outstanding_Balance":1088672001.0},"17":{"State":"Nevada","Year":2020,"Outstanding_Balance":61949411.4799999967},"18":{"State":"New Jersey","Year":2020,"Outstanding_Balance":703598655.1000000238},"19":{"State":"New Jersey","Year":2021,"Outstanding_Balance":226821610.1999999881},"20":{"State":"New Mexico","Year":2020,"Outstanding_Balance":206197930.8000000119},"21":{"State":"New York","Year":2020,"Outstanding_Balance":9241378876.0},"22":{"State":"New York","Year":2021,"Outstanding_Balance":8954452602.0},"23":{"State":"Ohio","Year":2020,"Outstanding_Balance":1324737399.0},"24":{"State":"Pennsylvania","Year":2020,"Outstanding_Balance":821529975.1000000238},"25":{"State":"Pennsylvania","Year":2021,"Outstanding_Balance":738076135.6000000238},"26":{"State":"Texas","Year":2020,"Outstanding_Balance":6002498243.0},"27":{"State":"Texas","Year":2021,"Outstanding_Balance":6021946531.0},"31":{"State":"Virgin Islands","Year":2019,"Outstanding_Balance":63278073.2800000012},"32":{"State":"Virgin Islands","Year":2020,"Outstanding_Balance":85009808.5199999958},"33":{"State":"Virgin Islands","Year":2021,"Outstanding_Balance":96715084.5300000012},"34":{"State":"West Virginia","Year":2020,"Outstanding_Balance":132115267.299999997}}